{
  "train_loss": [
    0.5859969492922438,
    0.373078205959594,
    0.3473551624474373,
    0.31551483646035194,
    0.29646956714543893,
    0.2891908677968573,
    0.28594038936686006,
    0.2742350521953182,
    0.28250227139351214,
    0.27382273849179134,
    0.29028469149736646,
    0.28401887353430405,
    0.27976377007175,
    0.2668503588659966,
    0.2567000427937254,
    0.26065918601098215,
    0.2542937700735762,
    0.24397755418210587,
    0.2370794049285828,
    0.22781614971129185,
    0.2226693377770642,
    0.21456123119656076,
    0.21325717489928642,
    0.2105739969522395,
    0.20197131298482418,
    0.2078094570005828,
    0.19847944121252983,
    0.19790728453626025,
    0.19372190729259176,
    0.1944558092175012,
    0.22530563948477836,
    0.22484530147878415,
    0.21713144439173507,
    0.21195123614148892,
    0.21842462414915256,
    0.20510350500649593,
    0.20392657990785354,
    0.1937024468318262,
    0.20149754427690456,
    0.19027130460326977,
    0.18980410169968578,
    0.1910371314337913,
    0.18237972570622854,
    0.1784575066350876,
    0.17539424574042253,
    0.17306762785115776,
    0.1744151821042946,
    0.1734494592281098,
    0.17418062062735887,
    0.17176658410499704,
    0.16194729818070822,
    0.1564672615854664,
    0.15474811474733213,
    0.15712044988461632,
    0.1443850749786547,
    0.15789246010257207,
    0.14879062357655864,
    0.14964139035486795,
    0.1435812587076996,
    0.14583868553188253,
    0.1412857966893848,
    0.14109453786798615,
    0.14725302118173939,
    0.14624133438585288,
    0.14400685536972385,
    0.14603018286102948,
    0.13632901456761867,
    0.13440965916565123,
    0.13972836544618328,
    0.1392201278259621,
    0.16477073352546134,
    0.17504095718106058,
    0.17737093841300366,
    0.17233821349416642,
    0.1740242495260974,
    0.16308943114857724
  ],
  "val_loss": [
    0.31127304219185037,
    0.2543440584806686,
    0.23986915039255263,
    0.22397874470086807,
    0.22004464696696463,
    0.2083076742735315,
    0.20423447990671117,
    0.19845841238473325,
    0.21180536249216567,
    0.19713655748265854,
    0.2006046323383108,
    0.2898735159889181,
    0.1930279035834556,
    0.18864462825846165,
    0.18646482346539803,
    0.18220392567046145,
    0.1857985074215747,
    0.17756287167046933,
    0.16764444406045245,
    0.1750119372092663,
    0.15766873234447012,
    0.15988654675001793,
    0.15571707249321837,
    0.1509101872748517,
    0.14985217796044148,
    0.1476007728500569,
    0.15502735187715672,
    0.1467466543012477,
    0.1442713936434147,
    0.14717318767562826,
    0.15994857743065408,
    0.16314588994421858,
    0.15828000405367385,
    0.15506218143917144,
    0.16217118398623265,
    0.1503203401857234,
    0.14407248160940536,
    0.13544136055923522,
    0.1376179038210118,
    0.15014382935267814,
    0.1469346009036328,
    0.13409606755730955,
    0.1300297778971652,
    0.132714810682104,
    0.13410432787334664,
    0.12439470365643501,
    0.1299464465614329,
    0.12512411058266112,
    0.12543887581596982,
    0.12730870839763195,
    0.11981788127029196,
    0.11777892209430958,
    0.11879445770953564,
    0.11467581670334999,
    0.11446020038838083,
    0.11954654467866775,
    0.11526585726978932,
    0.11634910510892564,
    0.12088382200516284,
    0.11774856795338874,
    0.1085603746803517,
    0.10872768571085119,
    0.11268188962911038,
    0.11266578036419889,
    0.11549011554489745,
    0.11006959242389557,
    0.1124762640671527,
    0.11306377246658852,
    0.10920774017242675,
    0.11046107707822576,
    0.12453751979356116,
    0.12485879968772544,
    0.14780850058540385,
    0.12858048176511805,
    0.11720321747533818,
    0.12499404952247092
  ],
  "train_acc": [
    76.51666666666667,
    84.15833333333333,
    85.4,
    86.36666666666666,
    87.425,
    87.55,
    87.76666666666667,
    88.25,
    87.99166666666666,
    88.65,
    87.475,
    87.8,
    87.90833333333333,
    88.625,
    89.05,
    88.68333333333334,
    88.78333333333333,
    89.53333333333333,
    89.675,
    90.24166666666666,
    90.70833333333333,
    90.75,
    91.01666666666667,
    90.91666666666667,
    91.575,
    91.24166666666666,
    91.65,
    91.75,
    92.05,
    91.95833333333333,
    90.53333333333333,
    90.78333333333333,
    90.74166666666666,
    90.85,
    90.71666666666667,
    91.625,
    91.36666666666666,
    91.96666666666667,
    91.75,
    91.94166666666666,
    91.975,
    91.99166666666666,
    92.575,
    92.68333333333334,
    92.675,
    93.19166666666666,
    92.88333333333334,
    92.78333333333333,
    92.9,
    92.85833333333333,
    93.43333333333334,
    93.75,
    93.69166666666666,
    93.64166666666667,
    94.15,
    93.56666666666666,
    93.825,
    93.66666666666667,
    94.275,
    93.825,
    94.1,
    94.21666666666667,
    93.93333333333334,
    93.91666666666667,
    94.26666666666667,
    94.04166666666667,
    94.43333333333334,
    94.5,
    94.24166666666666,
    94.35833333333333,
    93.10833333333333,
    92.51666666666667,
    92.78333333333333,
    92.84166666666667,
    92.7,
    93.49166666666666
  ],
  "val_acc": [
    87.8,
    89.13333333333334,
    90.46666666666667,
    90.86666666666666,
    91.0,
    90.86666666666666,
    91.43333333333334,
    91.93333333333334,
    91.3,
    91.76666666666667,
    91.33333333333333,
    88.53333333333333,
    92.1,
    91.8,
    91.9,
    92.36666666666666,
    92.5,
    92.43333333333334,
    92.96666666666667,
    92.56666666666666,
    93.5,
    93.36666666666666,
    94.2,
    93.66666666666667,
    93.76666666666667,
    94.1,
    93.66666666666667,
    93.86666666666666,
    94.1,
    94.1,
    92.73333333333333,
    93.63333333333334,
    93.0,
    93.56666666666666,
    93.03333333333333,
    94.23333333333333,
    94.0,
    94.1,
    94.13333333333334,
    94.16666666666667,
    93.63333333333334,
    94.83333333333333,
    94.96666666666667,
    95.13333333333334,
    95.03333333333333,
    95.03333333333333,
    94.16666666666667,
    94.73333333333333,
    94.8,
    95.33333333333333,
    95.23333333333333,
    95.33333333333333,
    95.46666666666667,
    95.86666666666666,
    95.66666666666667,
    95.43333333333334,
    95.53333333333333,
    95.63333333333334,
    95.43333333333334,
    95.33333333333333,
    96.0,
    95.83333333333333,
    95.3,
    95.86666666666666,
    95.63333333333334,
    95.73333333333333,
    95.46666666666667,
    95.7,
    96.0,
    95.93333333333334,
    94.33333333333333,
    95.46666666666667,
    93.43333333333334,
    94.66666666666667,
    95.16666666666667,
    94.96666666666667
  ],