{
  "train_loss": [
    0.5929154355792289,
    0.39250858437190667,
    0.351351787831555,
    0.32499473113962946,
    0.31456878757540213,
    0.30257304845021127,
    0.29385119533919274,
    0.2800476630317404,
    0.2772582068722299,
    0.2864074294078857,
    0.2936746397234024,
    0.29602932010559324,
    0.2779857796081837,
    0.2774923777881455,
    0.2608317096737471,
    0.2616681029346395,
    0.2524039924065483,
    0.25198267265520197,
    0.23968985090230374,
    0.23386807220571854,
    0.2376126496002395,
    0.22706851684191126,
    0.23021374373359882,
    0.2212355450746861,
    0.21308182330524666,
    0.21209740527766816,
    0.2084950851870978,
    0.1975018202545161,
    0.19933021526308137,
    0.20437538457360674,
    0.22571886077206185,
    0.22894343194809366,
    0.2363888911823643,
    0.22156610462735307,
    0.21554760282185484,
    0.2099305709546551,
    0.20720216481292503,
    0.2060302321184823,
    0.20685651813177985,
    0.20563934469952228,
    0.19424081427302767,
    0.19240365058500716,
    0.19145687277171206,
    0.1942163114931355,
    0.1908199896917064,
    0.17335049599963934,
    0.17377426822055528,
    0.1756618899550844,
    0.17060743660685865,
    0.17451424419166559,
    0.16252467147213348,
    0.16382596778505026,
    0.16761151199882968,
    0.15984450179607945,
    0.15840117661084266,
    0.15555128258989848,
    0.15212049345149004,
    0.15484895703798912,
    0.1466494543438262,
    0.15498681022646896,
    0.15206855418596496,
    0.15253903514685782,
    0.145424573067972,
    0.14359415433508285,
    0.14880727956745218,
    0.1465666612927267,
    0.14414331554732424,
    0.13993445819521205,
    0.14244128250457505,
    0.14470187269468257,
    0.16733454692950275,
    0.17065044936347515,
    0.17779695496280143
  ],
  "val_loss": [
    0.33030217600629685,
    0.29249545329428733,
    0.24752667245078594,
    0.24305520935895594,
    0.23207107772852512,
    0.2172715611597325,
    0.2118996166168375,
    0.20463070923343618,
    0.20645588113272445,
    0.2029851863675929,
    0.2119482730297332,
    0.21480161363774158,
    0.2147909830859367,
    0.1998973181273075,
    0.19433753350947766,
    0.18208470163827248,
    0.18335836761175317,
    0.18207755240988224,
    0.17181618717756678,
    0.1770456184415107,
    0.1673046553388555,
    0.16584791385747016,
    0.16110468735086156,
    0.15795567140300223,
    0.15609680258847297,
    0.1603858380558643,
    0.15123289474781523,
    0.15115784441537045,
    0.149276354528488,
    0.14957340394562862,
    0.15472356039792934,
    0.17088437444986182,
    0.17363932570244403,
    0.16499700555776028,
    0.15556334957797477,
    0.14880978506296239,
    0.14330561015200108,
    0.15033978620108138,
    0.1458885447776064,
    0.1342184326433121,
    0.1449878957677395,
    0.14632298155350887,
    0.14204887601923435,
    0.1284810445727186,
    0.13074539110381553,
    0.13095616366952023,
    0.13350733813453228,
    0.1282142385681893,
    0.12407212300186461,
    0.13055034259215315,
    0.12045693587749562,
    0.13415849930111398,
    0.12064696943506281,
    0.12311065220769415,
    0.11976947841492105,
    0.12532187594061203,
    0.12087263087642953,
    0.11418585954828465,
    0.11588641723736803,
    0.11505255150668164,
    0.11661725475433025,
    0.1131207304907606,
    0.11291324513706755,
    0.11215730035241614,
    0.11174131137259463,
    0.11819018130289748,
    0.11139520440012851,
    0.11291317887445713,
    0.11159094510243293,
    0.11163517967500586,
    0.1298385483628892,
    0.14017560285456637,
    0.13559142674537414
  ],
  "train_acc": [
    76.23333333333333,
    83.25833333333334,
    85.15833333333333,
    86.06666666666666,
    86.3,
    86.96666666666667,
    87.44166666666666,
    88.16666666666667,
    88.16666666666667,
    87.85,
    87.33333333333333,
    87.14166666666667,
    88.18333333333334,
    87.825,
    88.64166666666667,
    88.64166666666667,
    89.11666666666666,
    89.15,
    89.73333333333333,
    89.79166666666667,
    89.83333333333333,
    90.1,
    90.225,
    90.51666666666667,
    90.45,
    90.83333333333333,
    91.09166666666667,
    91.66666666666667,
    91.36666666666666,
    91.00833333333334,
    90.43333333333334,
    89.95,
    89.91666666666667,
    90.61666666666666,
    90.68333333333334,
    91.05833333333334,
    91.08333333333333,
    91.34166666666667,
    91.25833333333334,
    91.425,
    91.89166666666667,
    92.01666666666667,
    91.95,
    91.975,
    91.75,
    92.94166666666666,
    92.625,
    92.69166666666666,
    93.06666666666666,
    92.55833333333334,
    93.00833333333334,
    93.10833333333333,
    93.1,
    93.18333333333334,
    93.45,
    93.3,
    93.3,
    93.525,
    93.81666666666666,
    93.35,
    93.65833333333333,
    93.73333333333333,
    93.775,
    93.85,
    93.99166666666666,
    94.025,
    94.01666666666667,
    94.36666666666666,
    94.33333333333333,
    93.975,
    93.03333333333333,
    92.96666666666667,
    92.60833333333333
  ],
  "val_acc": [
    87.26666666666667,
    88.16666666666667,
    90.46666666666667,
    90.6,
    90.36666666666666,
    91.63333333333334,
    91.7,
    91.93333333333334,
    91.73333333333333,
    91.83333333333333,
    90.76666666666667,
    90.93333333333334,
    91.1,
    91.93333333333334,
    91.43333333333334,
    92.76666666666667,
    92.76666666666667,
    92.4,
    92.6,
    92.7,
    93.26666666666667,
    93.5,
    93.3,
    92.96666666666667,
    93.4,
    92.63333333333334,
    93.56666666666666,
    93.9,
    93.7,
    93.7,
    93.6,
    93.0,
    93.4,
    93.06666666666666,
    94.13333333333334,
    94.03333333333333,
    94.13333333333334,
    94.03333333333333,
    93.9,
    94.06666666666666,
    94.33333333333333,
    94.33333333333333,
    94.43333333333334,
    95.06666666666666,
    94.53333333333333,
    94.4,
    94.53333333333333,
    95.0,
    95.4,
    94.5,
    95.4,
    94.76666666666667,
    95.26666666666667,
    95.13333333333334,
    95.33333333333333,
    95.0,
    95.16666666666667,
    95.83333333333333,
    95.5,
    95.03333333333333,
    95.16666666666667,
    95.73333333333333,
    95.26666666666667,
    95.63333333333334,
    95.83333333333333,
    95.03333333333333,
    95.66666666666667,
    95.66666666666667,
    95.56666666666666,
    95.7,
    94.46666666666667,
    94.7,
    94.96666666666667
  ],